num,num_in_list,name,profile,response,level,min_class,max_class,prof_subject,stage,link
1,1,"«Финатлон для старшеклассников» - Всероссийская олимпиада по финансовой грамотности, финансовому рынку и защите прав потребителей финансовых услуг",финансовая грамотность,экономика,3,8,11,экономика,онлайн отборочный и финал,https://olimpiada.ru/activity/180
2,2,«Формула Единства» / «Третье тысячелетие»,иностранный язык,иностранный язык,3,5,11,иностранный язык,онлайн отборочный и финал,https://olimpiada.ru/activity/5618
3,2,«Формула Единства» / «Третье тысячелетие»,математика,математика,2,5,11,математика,онлайн отборочный и финал,https://olimpiada.ru/activity/223
4,2,«Формула Единства» / «Третье тысячелетие»,физика,физика,3,8,11,физика,онлайн отборочный и финал,https://olimpiada.ru/activity/5633
5,3,"XVI Южно-Российская межрегиональная олимпиада школьников «Архитектура и искусство» по комплексу предметов (рисунок, живопись, композиция, черчение)","искусство, черчение",искусство,1,6,11,"рисунок, живопись, композиция, черчение","онлайн отборочный муниципальный, онлайн отборочный региональный и заключительный",https://olimpiada.ru/activity/177
6,4,Всероссийская (с международным участием) олимпиада учащихся музыкальных колледжей,инструменты народного оркестра,музыка,2,9,11,искусство концертного исполнительства,заключительный,https://olimpiada.ru/activity/5034
7,4,Всероссийская (с международным участием) олимпиада учащихся музыкальных колледжей,музыкальная педагогика и исполнительство,музыка,2,9,11,музыкознание и музыкально-прикладное искусство ,заключительный,https://olimpiada.ru/activity/5354
8,4,Всероссийская (с международным участием) олимпиада учащихся музыкальных колледжей,струнные инструменты,музыка,2,9,11,искусство концертного исполнительства ,заключительный,https://olimpiada.ru/activity/5035
9,4,Всероссийская (с международным участием) олимпиада учащихся музыкальных колледжей,теория и история музыки,музыка,2,9,11,"музыковедение, музыкознание  и музыкально-прикладное искусство",заключительный,https://olimpiada.ru/activity/5033
10,4,Всероссийская (с международным участием) олимпиада учащихся музыкальных колледжей,хоровое дирижирование,музыка,2,9,11,дирижирование ,заключительный,https://olimpiada.ru/activity/5039
11,5,Всероссийская междисциплинарная олимпиада школьников «Национальная технологическая олимпиада»,автоматизация бизнеспроцессов,экономика,2,8,11,компьютерные и информационные науки,"первый онлайн отборочный, второй онлайн отборочный и заключительный",https://olimpiada.ru/activity/5369
12,5,Всероссийская междисциплинарная олимпиада школьников «Национальная технологическая олимпиада»,автономные транспортные системы,информатика,3,8,11,"математика и механика, компьютерные науки, радиотехника и системы связи, техника и технологии наземного транспорта","первый онлайн отборочный, второй онлайн отборочный и заключительный",https://olimpiada.ru/activity/5369
13,5,Всероссийская междисциплинарная олимпиада школьников «Национальная технологическая олимпиада»,анализ космических снимков и геопространственных данных,астрономия,3,8,11,"науки о земле, информатика, техносферная безопасность и природообустройство, экономика и управление, сервис и туризм","первый онлайн отборочный, второй онлайн отборочный и заключительный",https://olimpiada.ru/activity/5369
14,5,Всероссийская междисциплинарная олимпиада школьников «Национальная технологическая олимпиада»,аэрокосмические системы,астрономия,3,8,11,"математика и механика, компьютерные науки, радиотехника и системы связи, техника и технологии наземного транспорта","первый онлайн отборочный, второй онлайн отборочный и заключительный",https://olimpiada.ru/activity/5369
15,5,Всероссийская междисциплинарная олимпиада школьников «Национальная технологическая олимпиада»,беспилотные авиационные системы,физика,2,8,11,"математика и механика, компьютерные науки, радиотехника и системы связи, техника и технологии наземного транспорта","первый онлайн отборочный, второй онлайн отборочный и заключительный",https://olimpiada.ru/activity/5369
16,5,Всероссийская междисциплинарная олимпиада школьников «Национальная технологическая олимпиада»,большие данные и машинное обучение,информатика,3,8,11,"компьютерные и информационные науки, информатика и вычислительная техника","первый онлайн отборочный, второй онлайн отборочный и заключительный",https://olimpiada.ru/activity/5369
17,5,Всероссийская междисциплинарная олимпиада школьников «Национальная технологическая олимпиада»,водные робототехнические системы,информатика,2,8,11,"математика и механика, компьютерные и информационные науки, радиотехника и системы связи, машиностроение","первый онлайн отборочный, второй онлайн отборочный и заключительный",https://olimpiada.ru/activity/5369
18,5,Всероссийская междисциплинарная олимпиада школьников «Национальная технологическая олимпиада»,геномное редактирование,биология,3,8,11,"химические технологии, промышленная экология и биотехнологии, техносферная безопасность и природообустройство","первый онлайн отборочный, второй онлайн отборочный и заключительный",https://olimpiada.ru/activity/5369
19,5,Всероссийская междисциплинарная олимпиада школьников «Национальная технологическая олимпиада»,инженерные биологические системы: агробиотехнологии,биология,2,8,11,"науки о земле, электро и теплоэнергетика, техносферная безопасность и природообустройство, сельское, лесное и рыбное хозяйство","первый онлайн отборочный, второй онлайн отборочный и заключительный",https://olimpiada.ru/activity/5369
20,5,Всероссийская междисциплинарная олимпиада школьников «Национальная технологическая олимпиада»,интеллектуальные робототехнические системы,информатика,2,8,11,"информатика и вычислительная техника, машиностроение, техника и технологии наземного транспорта","первый онлайн отборочный, второй онлайн отборочный и заключительный",https://olimpiada.ru/activity/5369
21,5,Всероссийская междисциплинарная олимпиада школьников «Национальная технологическая олимпиада»,интеллектуальные энергетические системы,информатика,3,8,11,"информатика, информационная безопасность, электроника, радиотехника, электро и теплоэнергетика","первый онлайн отборочный, второй онлайн отборочный и заключительный",https://olimpiada.ru/activity/5369
22,5,Всероссийская междисциплинарная олимпиада школьников «Национальная технологическая олимпиада»,информационная безопасность,информатика,3,8,11,"компьютерные и информационные науки, информатика и вычислительная техника, информационная безопасность","первый онлайн отборочный, второй онлайн отборочный и заключительный",https://olimpiada.ru/activity/5369
23,5,Всероссийская междисциплинарная олимпиада школьников «Национальная технологическая олимпиада»,искусственный интеллект,информатика,3,8,11,"компьютерные и информационные науки, информатика и вычислительная техника, информационная безопасность","первый онлайн отборочный, второй онлайн отборочный и заключительный",https://olimpiada.ru/activity/5369
24,5,Всероссийская междисциплинарная олимпиада школьников «Национальная технологическая олимпиада»,летающая робототехника,информатика,3,8,11,"информатика, электроника, радиотехника и системы связи, фотоника, оптические системы, техника","первый онлайн отборочный, второй онлайн отборочный и заключительный",https://olimpiada.ru/activity/5369
25,5,Всероссийская междисциплинарная олимпиада школьников «Национальная технологическая олимпиада»,наносистемы и наноинженерия,информатика,3,8,11,"электроника, радиотехника и системы связи, оптические системы, природообустройство, технологии материалов, нанотехнологии","первый онлайн отборочный, второй онлайн отборочный и заключительный",https://olimpiada.ru/activity/5369
26,5,Всероссийская междисциплинарная олимпиада школьников «Национальная технологическая олимпиада»,нейротехнологии и когнитивные науки,информатика,2,8,11,"информатика, фотоника, приборостроение, оптические и биотехнические системы и технологии, управление в технических системах","первый онлайн отборочный, второй онлайн отборочный и заключительный",https://olimpiada.ru/activity/5369
27,5,Всероссийская междисциплинарная олимпиада школьников «Национальная технологическая олимпиада»,новые материалы,технология,3,8,11,"информатика и вычислительная техника, технологии материалов","первый онлайн отборочный, второй онлайн отборочный и заключительный",https://olimpiada.ru/activity/5369
28,5,Всероссийская междисциплинарная олимпиада школьников «Национальная технологическая олимпиада»,передовые производственные технологии,технология,3,8,11,"компьютерные и информационные науки, информатика, машиностроение, управление в технических системах","первый онлайн отборочный, второй онлайн отборочный и заключительный",https://olimpiada.ru/activity/5369
29,5,Всероссийская междисциплинарная олимпиада школьников «Национальная технологическая олимпиада»,разработка компьютерных игр,информатика,3,8,11,"компьютерные и информационные науки, информатика и вычислительная","первый онлайн отборочный, второй онлайн отборочный и заключительный",https://olimpiada.ru/activity/5369
30,5,Всероссийская междисциплинарная олимпиада школьников «Национальная технологическая олимпиада»,спутниковые системы,астрономия,3,8,11,"информатика, электроника, радиотехника и системы связи, авиационная и ракетно-космическая техника, управление в технических системах","первый онлайн отборочный, второй онлайн отборочный и заключительный",https://olimpiada.ru/activity/5369
31,5,Всероссийская междисциплинарная олимпиада школьников «Национальная технологическая олимпиада»,технологии беспроводной связи,информатика,2,8,11,"информационные науки, информатика, информационная безопасность","первый онлайн отборочный, второй онлайн отборочный и заключительный",https://olimpiada.ru/activity/5369
32,5,Всероссийская междисциплинарная олимпиада школьников «Национальная технологическая олимпиада»,технологии виртуальной реальности,информатика,3,8,11,"информационные науки, информатика, информационная безопасность","первый онлайн отборочный, второй онлайн отборочный и заключительный",https://olimpiada.ru/activity/5369
33,5,Всероссийская междисциплинарная олимпиада школьников «Национальная технологическая олимпиада»,технологии дополненной реальности,технология,3,8,11,"информационные науки, информатика","первый онлайн отборочный, второй онлайн отборочный и заключительный",https://olimpiada.ru/activity/5369
34,5,Всероссийская междисциплинарная олимпиада школьников «Национальная технологическая олимпиада»,технологическое предпринимательство,информатика,3,8,11,"информационные науки, информатика, информационная безопасность","первый онлайн отборочный, второй онлайн отборочный и заключительный",https://olimpiada.ru/activity/5369
35,5,Всероссийская междисциплинарная олимпиада школьников «Национальная технологическая олимпиада»,умный город,технология,3,8,11,"информационные науки, информатика","первый онлайн отборочный, второй онлайн отборочный и заключительный",https://olimpiada.ru/activity/5369
36,5,Всероссийская междисциплинарная олимпиада школьников «Национальная технологическая олимпиада»,фотоника,технология,3,8,11,"фотоника, приборостроение, оптические и биотехнические системы и технологии","первый онлайн отборочный, второй онлайн отборочный и заключительный",https://olimpiada.ru/activity/5369
37,5,Всероссийская междисциплинарная олимпиада школьников «Национальная технологическая олимпиада»,цифровые технологии в архитектуре,искусство,3,8,11,"архитектура, культуроведение и социокультурные проекты, изобразительное и прикладные виды искусств","первый онлайн отборочный, второй онлайн отборочный и заключительный",https://olimpiada.ru/activity/5369
38,5,Всероссийская междисциплинарная олимпиада школьников «Национальная технологическая олимпиада»,ядерные технологии,физика,3,8,11,"оптические и биотехнические системы и технологии, ядерная энергетика, машиностроение","первый онлайн отборочный, второй онлайн отборочный и заключительный",https://olimpiada.ru/activity/5369
39,6,Всероссийская олимпиада по искусственному интеллекту,искусственный интеллект,информатика,2,8,11,"информатика, искусственный интеллект","тренировочный, отборочный, основной и заключительный",https://olimpiada.ru/activity/5825
40,7,Всероссийская олимпиада по музыкально-теоретическим дисциплинам для учащихся детских музыкальных школ и детских школ искусств,теория и история музыки,музыка,2,8,11,"сольфеджио и теория музыки, музыкальная литература",отборочный и заключительный ,https://olimpiada.ru/activity/5761
41,8,Всероссийская олимпиада школьников «Юридические высоты!»,право,право,,9,11,юриспруденция,онлайн отборочный и заключительный ,https://olimpiada.ru/activity/5864
42,9,Всероссийская олимпиада школьников «Высшая проба»,анализ данных,информатика,3,9,11,"компьютерные и информационные науки, информатика и вычислительная техника",дистанционный отборочный и заключительный,https://olymp.hse.ru/mmo
43,9,Всероссийская олимпиада школьников «Высшая проба»,биология,биология,1,9,11,биология,дистанционный отборочный и заключительный,https://olimpiada.ru/activity/5668
44,9,Всероссийская олимпиада школьников «Высшая проба»,востоковедение,история,2,9,11,востоковедение и африканистика,дистанционный отборочный и заключительный,https://olimpiada.ru/activity/157
45,9,Всероссийская олимпиада школьников «Высшая проба»,восточные языки,иностранный язык,2,9,11,иностранный язык,дистанционный отборочный и заключительный,https://olimpiada.ru/activity/5319
46,9,Всероссийская олимпиада школьников «Высшая проба»,география,география,2,9,11,география,дистанционный отборочный и заключительный,https://olimpiada.ru/activity/5715
47,9,Всероссийская олимпиада школьников «Высшая проба»,дизайн,искусство,1,9,11,изобразительное и прикладные виды искусств,дистанционный отборочный и заключительный,https://olimpiada.ru/activity/158
48,9,Всероссийская олимпиада школьников «Высшая проба»,журналистика,журналистика,1,9,11,средства массовой информации и информационно- библиотечное дело,дистанционный отборочный и заключительный,https://olimpiada.ru/activity/159
49,9,Всероссийская олимпиада школьников «Высшая проба»,инженерные науки,информатика,2,9,11,"инфокоммуникационные технологии и системы связи, информатика и вычислительная техника",дистанционный отборочный и заключительный,https://olimpiada.ru/activity/227
50,9,Всероссийская олимпиада школьников «Высшая проба»,иностранный язык,иностранный язык,1,7,11,иностранный язык,дистанционный отборочный и заключительный,https://olimpiada.ru/activity/5208
51,9,Всероссийская олимпиада школьников «Высшая проба»,информатика,информатика,1,9,11,информатика,дистанционный отборочный и заключительный,https://olimpiada.ru/activity/153
52,9,Всероссийская олимпиада школьников «Высшая проба»,история,история,1,7,11,история,дистанционный отборочный и заключительный,https://olimpiada.ru/activity/147
53,9,Всероссийская олимпиада школьников «Высшая проба»,история мировых цивилизаций,история,2,9,11,история,дистанционный отборочный и заключительный,https://olimpiada.ru/activity/228
54,9,Всероссийская олимпиада школьников «Высшая проба»,культурология,история,1,9,11,культуроведение и социокультурные проекты,дистанционный отборочный и заключительный,https://olimpiada.ru/activity/5669
55,9,Всероссийская олимпиада школьников «Высшая проба»,математика,математика,1,7,11,математика,дистанционный отборочный и заключительный,https://olimpiada.ru/activity/149
56,9,Всероссийская олимпиада школьников «Высшая проба»,международные отношения,право,3,9,11,политические науки и регионоведение,дистанционный отборочный и заключительный,https://olimpiada.ru/activity/5819
57,9,Всероссийская олимпиада школьников «Высшая проба»,обществознание,обществознание,1,8,11,обществознание,дистанционный отборочный и заключительный,https://olimpiada.ru/activity/150
58,9,Всероссийская олимпиада школьников «Высшая проба»,основы бизнеса,бизнес,2,9,11,"менеджмент, государственное и муниципальное управление",дистанционный отборочный и заключительный,https://olimpiada.ru/activity/5574
59,9,Всероссийская олимпиада школьников «Высшая проба»,политология,обществознание,1,9,11,политические науки и регионоведение,дистанционный отборочный и заключительный,https://olimpiada.ru/activity/5447
60,9,Всероссийская олимпиада школьников «Высшая проба»,право,право,1,9,11,право,дистанционный отборочный и заключительный,https://olimpiada.ru/activity/151
61,9,Всероссийская олимпиада школьников «Высшая проба»,психология,социология,2,9,11,психологические науки,дистанционный отборочный и заключительный,https://olimpiada.ru/activity/5058
62,9,Всероссийская олимпиада школьников «Высшая проба»,русский язык,русский язык,1,7,11,русский язык,дистанционный отборочный и заключительный,https://olimpiada.ru/activity/160
63,9,Всероссийская олимпиада школьников «Высшая проба»,социология,социология,1,9,11,социология и социальная работа,дистанционный отборочный и заключительный,https://olimpiada.ru/activity/5448
64,9,Всероссийская олимпиада школьников «Высшая проба»,физика,физика,2,9,11,физика,дистанционный отборочный и заключительный,https://olimpiada.ru/activity/161
65,9,Всероссийская олимпиада школьников «Высшая проба»,филология,литература,1,7,11,"филология, литература",дистанционный отборочный и заключительный,https://olimpiada.ru/activity/148
66,9,Всероссийская олимпиада школьников «Высшая проба»,философия,обществознание,1,9,11,"философия, этика и религиоведение",дистанционный отборочный и заключительный,https://olimpiada.ru/activity/5449
67,9,Всероссийская олимпиада школьников «Высшая проба»,финансовая грамотность,экономика,1,7,11,экономика,дистанционный отборочный и заключительный,https://olimpiada.ru/activity/5572
68,9,Всероссийская олимпиада школьников «Высшая проба»,химия,химия,2,9,11,химия,дистанционный отборочный и заключительный,https://olimpiada.ru/activity/5670
69,9,Всероссийская олимпиада школьников «Высшая проба»,экономика,экономика,1,8,11,экономика,дистанционный отборочный и заключительный,https://olimpiada.ru/activity/152
70,10,Всероссийская олимпиада школьников «Миссия выполнима. Твое призвание – финансист!»,английский язык,иностранный язык,3,8,11,иностранный язык,онлайн отборочный и заключительный,https://olimpiada.ru/activity/5758
71,10,Всероссийская олимпиада школьников «Миссия выполнима. Твое призвание – финансист!»,история,история,3,8,11,история,онлайн отборочный и заключительный,https://olimpiada.ru/activity/5418
72,10,Всероссийская олимпиада школьников «Миссия выполнима. Твое призвание – финансист!»,математика,математика,3,8,11,математика,онлайн отборочный и заключительный,https://olimpiada.ru/activity/4355
73,10,Всероссийская олимпиада школьников «Миссия выполнима. Твое призвание – финансист!»,обществознание,обществознание,3,8,11,обществознание,онлайн отборочный и заключительный,https://olimpiada.ru/activity/5296
74,10,Всероссийская олимпиада школьников «Миссия выполнима. Твое призвание – финансист!»,экономика,экономика,3,8,11,экономика,онлайн отборочный и заключительный,https://olimpiada.ru/activity/4354
75,10,Всероссийская олимпиада школьников «Миссия выполнима. Твое призвание – финансист!»,финансовая грамотность,экономика,3,8,11,экономика,онлайн отборочный и заключительный,https://olimpiada.ru/activity/5822
76,11,Всероссийская Сеченовская олимпиада школьников,биология,биология,2,5,11,биология,заочный отборочный и заключительный,https://olimpiada.ru/activity/5149
77,11,Всероссийская Сеченовская олимпиада школьников,химия,химия,2,5,11,химия,заочный отборочный и заключительный,https://olimpiada.ru/activity/5148
78,12,Всероссийская Толстовская олимпиада школьников,литература,литература,2,10,11,"литература, филология",дистанционный отборочный и заключительный,https://olimpiada.ru/activity/5428
79,12,Всероссийская Толстовская олимпиада школьников,история,история,3,10,11,история,дистанционный отборочный и заключительный,https://olimpiada.ru/activity/5207
80,12,Всероссийская Толстовская олимпиада школьников,обществознание,обществознание,3,10,11,обществознание,дистанционный отборочный и заключительный,https://olimpiada.ru/activity/5443
81,12,Всероссийская Толстовская олимпиада школьников,право,право,3,10,11,право,дистанционный отборочный и заключительный,https://olimpiada.ru/activity/5768
82,13,Всероссийская экономическая олимпиада школьников имени Н.Д. Кондратьева,экономика,экономика,1,5,11,экономика,дистанционный отборочный и заключительный,https://olimpiada.ru/activity/59
83,14,Всероссийский конкурс научных работ школьников «Юниор»,естественные науки,биология,3,9,11,"естественные науки, экология и природопользование",прием работ и финал,https://olimpiada.ru/activity/5430
84,14,Всероссийский конкурс научных работ школьников «Юниор»,инженерные науки,информатика,3,9,11,"естественные науки, инженерные науки, ядерная энергетика и технологии, физико-технические науки, нанотехнологии и робототехника",прием работ и финал,https://olimpiada.ru/activity/5431
85,15,Всесибирская открытая олимпиада школьников,биология,биология,2,7,11,биология,основной и заключительный,https://olimpiada.ru/activity/318
86,15,Всесибирская открытая олимпиада школьников,информатика,информатика,1,7,11,информатика,основной и заключительный,https://olimpiada.ru/activity/316
87,15,Всесибирская открытая олимпиада школьников,математика,математика,2,7,11,математика,основной и заключительный,https://olimpiada.ru/activity/315
88,15,Всесибирская открытая олимпиада школьников,физика,физика,2,7,11,физика,основной и заключительный,https://olimpiada.ru/activity/319
89,15,Всесибирская открытая олимпиада школьников,химия,химия,1,7,11,химия,основной и заключительный,https://olimpiada.ru/activity/317
90,16,Вузовско-академическая олимпиада по информатике,информатика,информатика,1,7,11,информатика,"первый отборочный, второй отборочный и заключительный",https://olimpiada.ru/activity/5059
91,17,Герценовская олимпиада школьников,география,география,2,8,11,география,отборочный и финал,https://olimpiada.ru/activity/5028
92,17,Герценовская олимпиада школьников,иностранные языки,иностранный язык,2,8,11,иностранные языки,отборочный и финал,https://olimpiada.ru/activity/5029
93,18,Городская открытая олимпиада школьников по физике,физика,физика,2,7,11,физика, дистанционный отборочный и очный заключительный,https://olimpiada.ru/activity/241
94,19,Государственный аудит,обществознание,обществознание,2,10,11,обществознание,отборочный и заключительный,https://olimpiada.ru/activity/188
95,20,Инженерная олимпиада школьников,физика,физика,2,9,11,физика,дистанционный или очный отборочный и заключительный,https://olimpiada.ru/activity/282
96,21,"Интернет-олимпиада школьников
по физике",физика,физика,1,7,11,физика,дистанционный и заключительный,https://olimpiada.ru/activity/57
97,22,Кутафинская олимпиада школьников по праву,право,право,1,8,11,право,отборочный и заключительный,https://olimpiada.ru/activity/199
98,23,Междисциплинарная олимпиада школьников имени В.И. Вернадского,гуманитарные и социальные науки,история,1,7,11,"история, обществознание",отборочный и заключительный,https://olimpiada.ru/activity/5054
99,24,Международная Менделеевская олимпиада школьников по химии,химия,химия,1,10,11,химия,заключительный,https://olimpiada.ru/activity/307
100,25,Международная олимпиада «Innopolis Open»,информатика,информатика,1,7,11,информатика,отборочный и заключительный,https://olimpiada.ru/activity/5283
101,25,Международная олимпиада «Innopolis Open»,информационная безопасность,информатика,1,7,11,"информатика, информационная безопасность",отборочный и заключительный,https://olimpiada.ru/activity/5698
102,25,Международная олимпиада «Innopolis Open»,математика,математика,3,7,11,математика,отборочный и заключительный,https://olimpiada.ru/activity/5367
103,25,Международная олимпиада «Innopolis Open»,робототехника,информатика,3,7,11,"информатика, робототехника",отборочный и заключительный,https://olimpiada.ru/activity/5284
104,26,Международная олимпиада по финансовой безопасности,финансовая безопасность,экономика,1,8,11,"экономика, юриспруденция, информационная безопасность, международные отношения",пригласительный и заключительный,https://olimpiada.ru/activity/5795
105,27,Международная олимпиада школьников «Искусство графики»,графический дизайн,искусство,1,10,11,изобразительное и прикладные виды искусств,отборочный и заключительный,https://olimpiada.ru/activity/5420
106,27,Международная олимпиада школьников «Искусство графики»,рисунок,искусство,1,10,11,изобразительное и прикладные виды искусств,отборочный и заключительный,https://olimpiada.ru/activity/5420
107,28,Международная олимпиада школьников Уральского федерального университета «Изумруд»,информатика,информатика,3,8,11,информатика,дистанционный отборочный и заключительный,https://olimpiada.ru/activity/5638
108,28,Международная олимпиада школьников Уральского федерального университета «Изумруд»,история,история,3,8,11,история,дистанционный отборочный и заключительный,https://olimpiada.ru/activity/5617
109,28,Международная олимпиада школьников Уральского федерального университета «Изумруд»,математика,математика,3,8,11,математика,дистанционный отборочный и заключительный,https://olimpiada.ru/activity/5393
110,28,Международная олимпиада школьников Уральского федерального университета «Изумруд»,обществознание,обществознание,3,8,11,обществознание,дистанционный отборочный и заключительный,https://olimpiada.ru/activity/5396
111,28,Международная олимпиада школьников Уральского федерального университета «Изумруд»,русский язык,русский язык,3,8,11,русский язык,дистанционный отборочный и заключительный,https://olimpiada.ru/activity/5394
112,28,Международная олимпиада школьников Уральского федерального университета «Изумруд»,химия,химия,3,8,11,химия,дистанционный отборочный и заключительный,https://olimpiada.ru/activity/5616
113,29,Межрегиональная олимпиада по праву «ФЕМИДА»,право,право,2,9,11,"обществознание, право",отборочный и заключительный,https://olimpiada.ru/activity/185
114,30,Межрегиональная олимпиада школьников «САММАТ»,математика,математика,3,6,11,"математика и механика, компьютерные науки, информатика, информационная безопасность, техника",очный или заочный отборочный и заключительный,https://olimpiada.ru/activity/197
115,31,"Межрегиональная олимпиада школьников «Архитектура и искусство» по комплексу предметов (рисунок, композиция)",искусство,искусство,2,8,11,"рисунок, композиция",отборочный и заключительный,https://olimpiada.ru/activity/5278
116,32,Межрегиональная олимпиада школьников «Будущие исследователи – будущее науки»,биология,биология,2,7,11,биология,"отборочный, заочный и заключительный",https://olimpiada.ru/activity/358
117,32,Межрегиональная олимпиада школьников «Будущие исследователи – будущее науки»,история,история,2,7,11,история,"отборочный, заочный и заключительный",https://olimpiada.ru/activity/359
118,32,Межрегиональная олимпиада школьников «Будущие исследователи – будущее науки»,математика,математика,3,7,11,математика,"отборочный, заочный и заключительный",https://olimpiada.ru/activity/360
119,32,Межрегиональная олимпиада школьников «Будущие исследователи – будущее науки»,русский язык,русский язык,2,7,11,русский язык,"отборочный, заочный и заключительный",https://olimpiada.ru/activity/363
120,32,Межрегиональная олимпиада школьников «Будущие исследователи – будущее науки»,физика,физика,2,7,11,физика,"отборочный, заочный и заключительный",https://olimpiada.ru/activity/361
121,32,Межрегиональная олимпиада школьников «Будущие исследователи – будущее науки»,химия,химия,2,7,11,химия,"отборочный, заочный и заключительный",https://olimpiada.ru/activity/362
122,33,Межрегиональная олимпиада школьников «Евразийская лингвистическая олимпиада»,иностранный язык,иностранный язык,1,7,11,иностранный язык,дистанционный отборочный и заключительный,https://olimpiada.ru/activity/5003
123,34,Межрегиональная олимпиада школьников имени В.Е. Татлина,графика,искусство,2,8,11,искусство,отборочный и заключительный,https://olimpiada.ru/activity/5298
124,34,Межрегиональная олимпиада школьников имени В.Е. Татлина,композиция,искусство,2,8,11,искусство,отборочный и заключительный,https://olimpiada.ru/activity/5298
125,34,Межрегиональная олимпиада школьников имени В.Е. Татлина,рисунок,искусство,2,8,11,искусство,отборочный и заключительный,https://olimpiada.ru/activity/5298
126,35,Межрегиональная олимпиада школьников имени И.Я. Верченко,компьютерная безопасность,информатика,2,8,11,информационная безопасность,отборочный и заключительный,https://olimpiada.ru/activity/236
127,35,Межрегиональная олимпиада школьников имени И.Я. Верченко,математика,математика,2,8,11,"математика, криптография",отборочный и заключительный,https://olimpiada.ru/activity/24
128,36,Межрегиональная олимпиада школьников на базе ведомственных образовательных организаций,иностранный язык,иностранный язык,3,9,11,иностранный язык,отборочный и заключительный,https://olimpiada.ru/activity/171
129,36,Межрегиональная олимпиада школьников на базе ведомственных образовательных организаций,математика,математика,2,9,11,математика,отборочный и заключительный,https://olimpiada.ru/activity/174
130,36,Межрегиональная олимпиада школьников на базе ведомственных образовательных организаций,обществознание,обществознание,3,9,11,обществознание,отборочный и заключительный,https://olimpiada.ru/activity/173
131,36,Межрегиональная олимпиада школьников на базе ведомственных образовательных организаций,физика,физика,2,9,11,физика,отборочный и заключительный,https://olimpiada.ru/activity/175
132,37,Межрегиональные предметные олимпиады федерального государственного автономного образовательного учреждения высшего образования «Казанский (Приволжский) федеральный университет»,геология,география,3,8,11,науки о земле,дистанционный отборочный и заключительный,https://olimpiada.ru/activity/381
133,37,Межрегиональные предметные олимпиады федерального государственного автономного образовательного учреждения высшего образования «Казанский (Приволжский) федеральный университет»,дизайн,искусство,1,8,11,дизайн,дистанционный отборочный и заключительный,https://olimpiada.ru/activity/5755
134,37,Межрегиональные предметные олимпиады федерального государственного автономного образовательного учреждения высшего образования «Казанский (Приволжский) федеральный университет»,иностранный язык,иностранный язык,3,5,11,иностранный язык,дистанционный отборочный и заключительный,https://olimpiada.ru/activity/5664
135,37,Межрегиональные предметные олимпиады федерального государственного автономного образовательного учреждения высшего образования «Казанский (Приволжский) федеральный университет»,информатика,информатика,3,5,11,информатика,дистанционный отборочный и заключительный,https://olimpiada.ru/activity/377
136,37,Межрегиональные предметные олимпиады федерального государственного автономного образовательного учреждения высшего образования «Казанский (Приволжский) федеральный университет»,математика,математика,3,5,11,математика,дистанционный отборочный и заключительный,https://olimpiada.ru/activity/375
137,37,Межрегиональные предметные олимпиады федерального государственного автономного образовательного учреждения высшего образования «Казанский (Приволжский) федеральный университет»,русский язык,русский язык,2,5,11,русский язык,дистанционный отборочный и заключительный,https://olimpiada.ru/activity/372
138,37,Межрегиональные предметные олимпиады федерального государственного автономного образовательного учреждения высшего образования «Казанский (Приволжский) федеральный университет»,физика,физика,2,8,11,физика,дистанционный отборочный и заключительный,https://olimpiada.ru/activity/376
139,37,Межрегиональные предметные олимпиады федерального государственного автономного образовательного учреждения высшего образования «Казанский (Приволжский) федеральный университет»,химия,химия,1,8,11,химия,дистанционный отборочный и заключительный,https://olimpiada.ru/activity/379
140,38,Многопредметная олимпиада «Юные таланты»,география,география,1,5,11,география,отборочный и финал,https://olimpiada.ru/activity/211
141,38,Многопредметная олимпиада «Юные таланты»,геология,география,3,5,11,геология,отборочный и финал,https://olimpiada.ru/activity/430
142,38,Многопредметная олимпиада «Юные таланты»,химия,химия,1,9,11,химия,отборочный и финал,https://olimpiada.ru/activity/222
143,39,Многопрофильная инженерная олимпиада «Звезда»,техника и технологии,технология,3,7,11," машиностроение, авиационная и ракетно-космическая техника, технологии наземного транспорта, кораблестроение, информационная безопасность, химические технологии",отборочный и финал,https://olimpiada.ru/activity/5663
144,39,Многопрофильная инженерная олимпиада «Звезда»,естественные науки,биология,3,6,11,"биология, информатика, математика, химия, физика",отборочный и финал,https://olimpiada.ru/activity/5322
145,40,Московская олимпиада школьников,астрономия,астрономия,2,5,11,астрономия,отборочный и финал,https://olimpiada.ru/activity/99
146,40,Московская олимпиада школьников,вероятность и статистика,математика,3,6,11,"вероятность и статистика, математика",отборочный и финал,https://olimpiada.ru/activity/55
147,40,Московская олимпиада школьников,генетика,биология,2,8,11,биология,отборочный и финал,https://olimpiada.ru/activity/5753
148,40,Московская олимпиада школьников,география,география,1,5,11,география,отборочный и финал,https://olimpiada.ru/activity/104
149,40,Московская олимпиада школьников,изобразительное искусство,искусство,2,5,11,искусство,отборочный и финал,https://olimpiada.ru/activity/126
150,40,Московская олимпиада школьников,информатика,информатика,1,6,11,информатика,отборочный и финал,https://olimpiada.ru/activity/102
151,40,Московская олимпиада школьников,история,история,2,5,11,история,отборочный и финал,https://olimpiada.ru/activity/103
152,40,Московская олимпиада школьников,история искусств,искусство,1,9,11,искусство,отборочный и финал,https://olimpiada.ru/activity/5470
153,40,Московская олимпиада школьников,лингвистика,лингвистика,1,8,11,"русский язык, иностранный язык",отборочный и финал,https://olimpiada.ru/activity/39
154,40,Московская олимпиада школьников,математика,математика,1,8,11,математика,отборочный и финал,https://olimpiada.ru/activity/1
155,40,Московская олимпиада школьников,обществознание,обществознание,2,8,11,обществознание,отборочный и финал,https://olimpiada.ru/activity/106
156,40,Московская олимпиада школьников,право,право,2,8,11,право,отборочный и финал,https://olimpiada.ru/activity/111
157,40,Московская олимпиада школьников,предпрофессиональная олимпиада,информатика,3,8,11,"биологические науки, информационная безопасность, информатика, машиностроение, промышленная экология и биотехнология , техносферная безопасность и природообустройство, фотоника, приборостроение, электроника, радиотехника, системы связи, ядерная энергетика",отборочный и финал,https://olimpiada.ru/activity/5466
158,40,Московская олимпиада школьников,робототехника,информатика,3,5,11,"машиностроение, математика и механика, информатика и вычислительная техника",отборочный и финал,https://olimpiada.ru/activity/5346
159,40,Московская олимпиада школьников,физика,физика,1,7,11,физика,отборочный и финал,https://olimpiada.ru/activity/108
160,40,Московская олимпиада школьников,филология,литература,3,5,10,"русский язык, литература,
филология",отборочный и финал,https://olimpiada.ru/activity/40
161,40,Московская олимпиада школьников,финансовая грамотность,экономика,3,5,11,экономика,отборочный и финал,https://olimpiada.ru/activity/5451
162,40,Московская олимпиада школьников,химия,химия,1,8,11,химия,отборочный и финал,https://olimpiada.ru/activity/109
163,40,Московская олимпиада школьников,экономика,экономика,2,5,11,экономика,отборочный и финал,https://olimpiada.ru/activity/110
164,41,Общероссийская олимпиада школьников «Основы православной культуры»,основы православной культуры,история,2,5,11,"теология, история","отборочный муниципальный, отборочный региональный и заключительный",https://olimpiada.ru/activity/194
165,42,Объединенная межвузовская математическая олимпиада школьников,математика,математика,2,9,11,математика,первый тур и финал,https://olimpiada.ru/activity/6
166,43,Океан знаний,обществознание,обществознание,3,10,11,обществознание,отборочный и финал,https://olimpiada.ru/activity/5050
167,43,Океан знаний,русский язык,русский язык,3,10,11,русский язык,отборочный и финал,https://olimpiada.ru/activity/5047
168,44,Олимпиада Курчатов,математика,математика,1,6,11,математика,отборочный и финал,https://olimpiada.ru/activity/389
169,44,Олимпиада Курчатов,физика,физика,1,7,11,физика,отборочный и финал,https://olimpiada.ru/activity/388
170,45,Олимпиада МГИМО МИД России для школьников,гуманитарные и социальные науки,история,2,8,11,"история, обществознание",отборочный и заключительный,https://olimpiada.ru/activity/5005
171,46,Олимпиада по архитектуре СПбГАСУ,рисунок и архитектурная композиция,искусство,1,9,11,"архитектура, реконструкция и реставрация архитектурного наследия, градостроительство",отборочный и заключительный в два тура,https://olimpiada.ru/activity/5808
172,47,Олимпиада по комплексу предметов «Культура и искусство»,"академический рисунок, живопись, композиция, история искусства и культуры",искусство,1,5,11,"дизайн, графика, искусство, народные промыслы, технология художественной обработки материалов",отборочный и заключительный,https://olimpiada.ru/activity/5435
173,47,Олимпиада по комплексу предметов «Культура и искусство»,технический рисунок и декоративная композиция,искусство,1,5,11,"дизайн, графика, искусство костюма и текстиля",отборочный и заключительный,https://olimpiada.ru/activity/5436
174,48,Олимпиада РГГУ для школьников,иностранный язык,иностранный язык,2,9,11,иностранный язык,отборочный и заключительный,https://olimpiada.ru/activity/390
175,48,Олимпиада РГГУ для школьников,история,история,2,9,11,история,отборочный и заключительный,https://olimpiada.ru/activity/392
176,48,Олимпиада РГГУ для школьников,литература,литература,2,9,11,литература,отборочный и заключительный,https://olimpiada.ru/activity/5360
177,48,Олимпиада РГГУ для школьников,обществознание,обществознание,3,9,11,обществознание,отборочный и заключительный,https://olimpiada.ru/activity/393
178,48,Олимпиада РГГУ для школьников,русский язык,русский язык,2,9,11,русский язык,отборочный и заключительный,https://olimpiada.ru/activity/391
179,49,Олимпиада школьников «Высокие технологии и материалы будущего»,нанотехнологии,информатика,1,5,11,"химия, физика, математика, биология","подготовительный, основной и заключительный",https://olimpiada.ru/activity/251
180,50,Олимпиада школьников «Гранит науки»,информатика,информатика,3,9,11,информатика,отборочный и заключительный,https://olimpiada.ru/activity/5481
181,50,Олимпиада школьников «Гранит науки»,химия,химия,3,9,11,химия,отборочный и заключительный,https://olimpiada.ru/activity/5480
182,51,Олимпиада школьников «Ломоносов»,биология,биология,1,5,11,биология,отборочный и заключительный,https://olimpiada.ru/activity/324
183,51,Олимпиада школьников «Ломоносов»,генетика,биология,3,9,11,биологические науки,отборочный и заключительный,https://olimpiada.ru/activity/5762
184,51,Олимпиада школьников «Ломоносов»,география,география,1,5,11,география,отборочный и заключительный,https://olimpiada.ru/activity/354
185,51,Олимпиада школьников «Ломоносов»,геология,география,1,5,11,геологиянауки о земле,отборочный и заключительный,https://olimpiada.ru/activity/345
186,51,Олимпиада школьников «Ломоносов»,журналистика,журналистика,1,5,11,журналистика,отборочный и заключительный,https://olimpiada.ru/activity/326
187,51,Олимпиада школьников «Ломоносов»,инженерные науки,химия,2,5,11,"химия, физика и астрономия",отборочный и заключительный,https://olimpiada.ru/activity/5356
188,51,Олимпиада школьников «Ломоносов»,иностранный язык,иностранный язык,1,5,11,иностранный язык,отборочный и заключительный,https://olimpiada.ru/activity/325
189,51,Олимпиада школьников «Ломоносов»,информатика,информатика,2,7,11,информатика,отборочный и заключительный,https://olimpiada.ru/activity/343
190,51,Олимпиада школьников «Ломоносов»,история,история,1,5,11,история,отборочный и заключительный,https://olimpiada.ru/activity/353
191,51,Олимпиада школьников «Ломоносов»,космонавтика,астрономия,2,5,11,космические исследования и космонавтика,отборочный и заключительный,https://olimpiada.ru/activity/5620
192,51,Олимпиада школьников «Ломоносов»,литература,литература,1,5,11,литература,отборочный и заключительный,https://olimpiada.ru/activity/349
193,51,Олимпиада школьников «Ломоносов»,математика,математика,1,5,11,математика,отборочный и заключительный,https://olimpiada.ru/activity/348
194,51,Олимпиада школьников «Ломоносов»,международные отношения и глобалистика,история,1,5,11,история,отборочный и заключительный,https://olimpiada.ru/activity/341
195,51,Олимпиада школьников «Ломоносов»,механика и математическое моделирование,математика,2,7,11,механика и математическое моделирование,отборочный и заключительный,https://olimpiada.ru/activity/356
196,51,Олимпиада школьников «Ломоносов»,обществознание,обществознание,1,5,11,обществознание,отборочный и заключительный,https://olimpiada.ru/activity/351
197,51,Олимпиада школьников «Ломоносов»,история российской государственности,история,1,5,11,"история, обществознание",отборочный и заключительный,https://olimpiada.ru/activity/156
198,51,Олимпиада школьников «Ломоносов»,политология,обществознание,2,7,11,история,отборочный и заключительный,https://olimpiada.ru/activity/342
199,51,Олимпиада школьников «Ломоносов»,право,право,1,8,11,юриспруденция,отборочный и заключительный,https://olimpiada.ru/activity/340
200,51,Олимпиада школьников «Ломоносов»,предпринимательство,бизнес,3,8,11,менеджмент,отборочный и заключительный,https://olimpiada.ru/activity/5723
201,51,Олимпиада школьников «Ломоносов»,психология,социология,1,5,11,психология,отборочный и заключительный,https://olimpiada.ru/activity/328
202,51,Олимпиада школьников «Ломоносов»,религиоведение,история,3,5,11,религиоведение,отборочный и заключительный,https://olimpiada.ru/activity/5763
203,51,Олимпиада школьников «Ломоносов»,робототехника,информатика,3,5,11,"фундаментальные математика и механика, робототехника, фундаментальная информатика",отборочный и заключительный,https://olimpiada.ru/activity/352
204,51,Олимпиада школьников «Ломоносов»,русский язык,русский язык,1,5,11,русский язык,отборочный и заключительный,https://olimpiada.ru/activity/347
205,51,Олимпиада школьников «Ломоносов»,физика,физика,2,7,11,физика,отборочный и заключительный,https://olimpiada.ru/activity/344
206,51,Олимпиада школьников «Ломоносов»,философия,обществознание,1,5,11,"философия, этика и религиоведение",отборочный и заключительный,https://olimpiada.ru/activity/355
207,51,Олимпиада школьников «Ломоносов»,химия,химия,1,7,11,химия,отборочный и заключительный,https://olimpiada.ru/activity/350
208,51,Олимпиада школьников «Ломоносов»,экология,биология,2,5,11,"биологические науки, науки о земле",отборочный и заключительный,https://olimpiada.ru/activity/327
209,52,Олимпиада школьников «Надежда энергетики»,математика,математика,3,5,11,математика,"тренировочный, отборочный и финал",https://olimpiada.ru/activity/5331
210,52,Олимпиада школьников «Надежда энергетики»,физика,физика,3,7,11,физика,"тренировочный, отборочный и финал",https://olimpiada.ru/activity/5332
211,53,Олимпиада школьников «Покори Воробьевы горы!»,география,география,2,5,11,география,отборочный и заключительный,https://olimpiada.ru/activity/5444
212,53,Олимпиада школьников «Покори Воробьевы горы!»,журналистика,журналистика,1,5,11,средства массовой информации и информационно-библиотечное дело,отборочный и заключительный,https://olimpiada.ru/activity/5445
213,53,Олимпиада школьников «Покори Воробьевы горы!»,иностранный язык,иностранный язык,1,5,11,иностранный язык,отборочный и заключительный,https://olimpiada.ru/activity/163
214,53,Олимпиада школьников «Покори Воробьевы горы!»,история,история,2,5,11,история,отборочный и заключительный,https://olimpiada.ru/activity/164
215,53,Олимпиада школьников «Покори Воробьевы горы!»,литература,литература,1,5,11,литература,отборочный и заключительный,https://olimpiada.ru/activity/165
216,53,Олимпиада школьников «Покори Воробьевы горы!»,математика,математика,1,5,11,математика,отборочный и заключительный,https://olimpiada.ru/activity/115
217,53,Олимпиада школьников «Покори Воробьевы горы!»,обществознание,обществознание,1,5,11,обществознание,отборочный и заключительный,https://olimpiada.ru/activity/116
218,53,Олимпиада школьников «Покори Воробьевы горы!»,физика,физика,1,5,11,физика,отборочный и заключительный,https://olimpiada.ru/activity/166
219,54,Олимпиада школьников «Робофест»,физика,физика,2,7,11,физика,"подготовительный, пригласительный, региональный тур и финал",https://olimpiada.ru/activity/5405
220,55,Олимпиада школьников «Физтех»,биология,биология,2,9,11,биология,отборочный и заключительный,https://olimpiada.ru/activity/5735
221,55,Олимпиада школьников «Физтех»,инженерное дело,физика,3,9,11,"физика, инженерное дело",отборочный и заключительный,https://olimpiada.ru/activity/123
222,55,Олимпиада школьников «Физтех»,математика,математика,1,9,11,математика,отборочный и заключительный,https://olimpiada.ru/activity/395
223,55,Олимпиада школьников «Физтех»,научно-технический профиль,физика,2,9,11,"математика, физика",отборочный и заключительный,https://olimpiada.ru/activity/123
224,55,Олимпиада школьников «Физтех»,физика,физика,1,9,11,физика,отборочный и заключительный,https://olimpiada.ru/activity/394
225,56,Олимпиада школьников «Шаг в будущее»,инженерное дело,информатика,2,8,11,"компьютерные и информационные науки, информатика и вычислительная техника, электроника, радиотехника ",отборочный и заключительный,https://olimpiada.ru/activity/170
226,56,Олимпиада школьников «Шаг в будущее»,компьютерное моделирование и графика,информатика,3,8,11,"компьютерные и информационные науки, информатика и вычислительная техника, электроника, радиотехника ",отборочный и заключительный,https://olimpiada.ru/activity/5362
227,56,Олимпиада школьников «Шаг в будущее»,математика,математика,3,8,11,математика,отборочный и заключительный,https://olimpiada.ru/activity/168
228,56,Олимпиада школьников «Шаг в будущее»,информатика,информатика,3,8,11,информатика и вычислительная техника,отборочный и заключительный,https://olimpiada.ru/activity/406
229,56,Олимпиада школьников «Шаг в будущее»,физика,физика,2,8,11,физика,отборочный и заключительный,https://olimpiada.ru/activity/169
230,57,Олимпиада школьников по географии «Земля - наш общий дом!»,география,география,3,7,11,география,отборочный и заключительный,https://olimpiada.ru/activity/198
231,58,Олимпиада школьников по информатике и программированию,информатика,информатика,1,11,11,информатика,"первый отборочный, второй отборочный и заключительный",https://olimpiada.ru/activity/4337
232,59,Олимпиада школьников по программированию «ТехноКубок»,информатика,информатика,1,8,11,информатика,отборочный и заключительный,https://olimpiada.ru/activity/5371
233,60,Олимпиада школьников по химии в ФГБОУ ВО ПСПбГМУ им. И. П. Павлова Минздрава России,химия,химия,3,8,11,химия,информация уточняется,https://olimpiada.ru/activity/5865
234,61,Олимпиада школьников по экономике в рамках международного экономического фестиваля школьников «Сибириада. Шаг в мечту»,экономика,экономика,2,7,11,экономика,"первый отборочный тур, второй тур и финал",https://olimpiada.ru/activity/242
235,62,Олимпиада школьников Российской академии народного хозяйства и государственной службы при Президенте Российской Федерации,журналистика,журналистика,2,8,11,средства массовой информации и информационно-библиотечное дело,отборочный и заключительный,https://olimpiada.ru/activity/5411
236,62,Олимпиада школьников Российской академии народного хозяйства и государственной службы при Президенте Российской Федерации,иностранный язык,иностранный язык,2,8,11,английский язык,отборочный и заключительный,https://olimpiada.ru/activity/5008
237,62,Олимпиада школьников Российской академии народного хозяйства и государственной службы при Президенте Российской Федерации,история,история,2,6,11,история,отборочный и заключительный,https://olimpiada.ru/activity/5285
238,62,Олимпиада школьников Российской академии народного хозяйства и государственной службы при Президенте Российской Федерации,обществознание,обществознание,2,8,11,обществознание,отборочный и заключительный,https://olimpiada.ru/activity/5009
239,62,Олимпиада школьников Российской академии народного хозяйства и государственной службы при Президенте Российской Федерации,политология,право,2,8,11,политология,отборочный и заключительный,https://olimpiada.ru/activity/5415
240,62,Олимпиада школьников Российской академии народного хозяйства и государственной службы при Президенте Российской Федерации,финансовая грамотность,экономика,3,8,11,экономика,отборочный и заключительный,https://olimpiada.ru/activity/5772
241,62,Олимпиада школьников Российской академии народного хозяйства и государственной службы при Президенте Российской Федерации,экономика,экономика,3,8,11,экономика,отборочный и заключительный,https://olimpiada.ru/activity/5412
242,63,Олимпиада школьников Санкт-Петербургского государственного университета,биология,биология,1,5,11,биология,отборочный и заключительный,https://olimpiada.ru/activity/124
243,63,Олимпиада школьников Санкт-Петербургского государственного университета,география,география,1,6,11,география,отборочный и заключительный,https://olimpiada.ru/activity/446
244,63,Олимпиада школьников Санкт-Петербургского государственного университета,журналистика,журналистика,1,9,11,средства массовой информации и информационно-библиотечное дело,отборочный и заключительный,https://olimpiada.ru/activity/5289
245,63,Олимпиада школьников Санкт-Петербургского государственного университета,инженерные системы,физика,3,8,11,"математика, физика и астрономия, управление в технических системах",отборочный и финал,https://olimpiada.ru/activity/5345
246,63,Олимпиада школьников Санкт-Петербургского государственного университета,иностранный язык,иностранный язык,1,7,11,иностранный язык,отборочный и заключительный,https://olimpiada.ru/activity/461
247,63,Олимпиада школьников Санкт-Петербургского государственного университета,информатика,информатика,1,7,11,информатика,отборочный и заключительный,https://olimpiada.ru/activity/465
248,63,Олимпиада школьников Санкт-Петербургского государственного университета,история,история,1,6,11,история,отборочный и заключительный,https://olimpiada.ru/activity/459
249,63,Олимпиада школьников Санкт-Петербургского государственного университета,математика,математика,1,6,11,математика,отборочный и заключительный,https://olimpiada.ru/activity/443
250,63,Олимпиада школьников Санкт-Петербургского государственного университета,математическое моделирование и искусственный интеллект,информатика,3,9,11,математика и механика,отборочный и заключительный,https://olimpiada.ru/activity/5828
251,63,Олимпиада школьников Санкт-Петербургского государственного университета,медицина,медицина,1,7,11,"лечебное дело, стоматология, психология, клиническая психология",отборочный и заключительный,https://olimpiada.ru/activity/463
252,63,Олимпиада школьников Санкт-Петербургского государственного университета,международные отношения,обществознание,3,9,11,политические науки и регионоведение,отборочный и заключительный,https://olimpiada.ru/activity/5829
253,63,Олимпиада школьников Санкт-Петербургского государственного университета,обществознание,обществознание,1,8,11,обществознание,отборочный и заключительный,https://olimpiada.ru/activity/442
254,63,Олимпиада школьников Санкт-Петербургского государственного университета,политология,обществознание,2,9,11,политические науки и регионоведение,отборочный и заключительный,https://olimpiada.ru/activity/5830
255,63,Олимпиада школьников Санкт-Петербургского государственного университета,право,право,1,7,11,право,отборочный и заключительный,https://olimpiada.ru/activity/447
256,63,Олимпиада школьников Санкт-Петербургского государственного университета,психология,социология,3,9,11,психологические науки,отборочный и заключительный,https://olimpiada.ru/activity/5838
257,63,Олимпиада школьников Санкт-Петербургского государственного университета,социология,социология,1,6,11,"обществознание, история",отборочный и заключительный,https://olimpiada.ru/activity/462
258,63,Олимпиада школьников Санкт-Петербургского государственного университета,физика,физика,2,8,11,физика,отборочный и заключительный,https://olimpiada.ru/activity/444
259,63,Олимпиада школьников Санкт-Петербургского государственного университета,филология,литература,1,7,11,"иностранный язык, литература, русский язык",отборочный и заключительный,https://olimpiada.ru/activity/460
260,63,Олимпиада школьников Санкт-Петербургского государственного университета,философия,литература,3,9,11,"философия, этика и религиоведение",отборочный и заключительный,https://olimpiada.ru/activity/5831
261,63,Олимпиада школьников Санкт-Петербургского государственного университета,химия,химия,1,8,11,химия,отборочный и заключительный,https://olimpiada.ru/activity/445
262,63,Олимпиада школьников Санкт-Петербургского государственного университета,экономика,экономика,2,8,11,экономика,отборочный и заключительный,https://olimpiada.ru/activity/464
263,64,Олимпиада школьников федерального государственного бюджетного образовательного учреждения высшего образования «Всероссийский государственный университет юстиции (РПА Минюста России)» «В мир права»,право,право,3,7,11,"обществознание, право, юриспруденция",отборочный и заключительный,https://olimpiada.ru/activity/5726
264,65,Олимпиада Юношеской математической школы,математика,математика,2,4,11,математика,"первый отборочный тур, второй тур и финал",https://olimpiada.ru/activity/66
265,66,Открытая межвузовская олимпиада школьников Сибирского федерального округа «Будущее Сибири»,физика,физика,3,8,11,физика,отборочный и заключительный,https://olimpiada.ru/activity/368
266,66,Открытая межвузовская олимпиада школьников Сибирского федерального округа «Будущее Сибири»,химия,химия,1,8,11,химия,отборочный и финал,https://olimpiada.ru/activity/369
267,67,Открытая олимпиада школьников,информатика,информатика,1,5,11,информатика,"первый тур, второй тур и финал",https://olimpiada.ru/activity/4357
268,67,Открытая олимпиада школьников,математика,математика,2,5,11,математика,отборочный и заключительный,https://olimpiada.ru/activity/121
269,67,Открытая олимпиада школьников,физика,физика,3,7,11,"физика и астрономия, фотоника, приборостроение, оптические и биотехнические системы и технологии, физико-технические науки и технологии",отборочный и заключительный,https://olimpiada.ru/activity/5809
270,68,Открытая олимпиада школьников по программированию,информатика,информатика,1,5,11,информатика,"длинный тур, короткий тур и финал",https://olimpiada.ru/activity/23
271,69,Открытая олимпиада школьников по программированию «Когнитивные технологии»,информатика,информатика,2,7,11,информатика,отборочный и заключительный,https://olimpiada.ru/activity/5185
272,70,Открытая региональная межвузовская олимпиада вузов Томской области (ОРМО),география,география,3,8,11,география,отборочный и заключительный,https://olimpiada.ru/activity/469
273,70,Открытая региональная межвузовская олимпиада вузов Томской области (ОРМО),литература,литература,2,8,11,литература,отборочный и заключительный,https://olimpiada.ru/activity/471
274,70,Открытая региональная межвузовская олимпиада вузов Томской области (ОРМО),русский язык,русский язык,2,8,11,русский язык,отборочный и заключительный,https://olimpiada.ru/activity/5437
275,70,Открытая региональная межвузовская олимпиада вузов Томской области (ОРМО),физика,физика,2,8,11,физика,отборочный и заключительный,https://olimpiada.ru/activity/472
276,71,Открытая химическая олимпиада,химия,химия,2,9,11,химия,отборочный и заключительный,https://olimpiada.ru/activity/5353
277,72,Отраслевая олимпиада школьников «Газпром»,информатика,информатика,3,9,11,информатика,онлайн отборочный и заключительный,https://olimpiada.ru/activity/5516
278,72,Отраслевая олимпиада школьников «Газпром»,физика,физика,3,9,11,физика,онлайн отборочный и заключительный,https://olimpiada.ru/activity/5516
279,72,Отраслевая олимпиада школьников «Газпром»,химия,химия,3,9,11,химия,онлайн отборочный и заключительный,https://olimpiada.ru/activity/5516
280,73,Отраслевая физико-математическая олимпиада школьников «Росатом»,информатика,информатика,3,7,11,информатика,онлайн отборочный и заключительный,https://olimpiada.ru/activity/201
281,73,Отраслевая физико- математическая олимпиада школьников «Росатом»,математика,математика,2,7,11,математика,онлайн отборочный и заключительный,https://olimpiada.ru/activity/411
282,73,Отраслевая физико- математическая олимпиада школьников «Росатом»,физика,физика,1,7,11,физика,онлайн отборочный и заключительный,https://olimpiada.ru/activity/412
283,74,Пироговская олимпиада для школьников по химии и биологии,биология,биология,2,9,11,биология,отборочный и заключительный,https://olimpiada.ru/activity/5777
284,74,Пироговская олимпиада для школьников по химии и биологии,химия,химия,3,9,11,химия,отборочный и заключительный,https://olimpiada.ru/activity/5776
285,75,Плехановская олимпиада школьников,иностранный язык,иностранный язык,2,8,11,иностранный язык,отборочный и заключительный,https://olimpiada.ru/activity/5710
286,75,Плехановская олимпиада школьников,русский язык,русский язык,2,8,11,русский язык,отборочный и заключительный,https://olimpiada.ru/activity/5013
287,75,Плехановская олимпиада школьников,финансовая грамотность,экономика,3,8,11,экономика,отборочный и заключительный,https://olimpiada.ru/activity/5635
288,75,Плехановская олимпиада школьников,экономика,экономика,3,8,11,экономика,отборочный и заключительный,https://olimpiada.ru/activity/5172
289,76,Региональный конкурс школьников Челябинского университетского образовательного округа,иностранный язык,иностранный язык,3,8,11,иностранный язык,отборочный и финал,https://olimpiada.ru/activity/5401
290,76,Региональный конкурс школьников Челябинского университетского образовательного округа,обществознание,обществознание,3,8,11,обществознание,отборочный и финал,https://olimpiada.ru/activity/5400
291,77,Санкт-Петербургская астрономическая олимпиада,астрономия,астрономия,1,5,11,астрономия,отборочный и финал,https://olimpiada.ru/activity/287
292,78,Санкт-Петербургская олимпиада школьников,математика,математика,1,6,11,математика,отборочный и финал,https://olimpiada.ru/activity/246
293,78,Санкт-Петербургская олимпиада школьников,химия,химия,1,8,11,химия,отборочный и финал,https://olimpiada.ru/activity/247
294,79,Северо-Восточная олимпиада школьников,родные языки,русский язык,3,8,11,образование и педагогические науки,отборочный и финал,https://olimpiada.ru/activity/5204
295,79,Северо-Восточная олимпиада школьников,филология,литература,3,8,11,"русский язык, русская литература",отборочный и финал,https://olimpiada.ru/activity/5793
296,80,Сибирская межрегиональная олимпиада школьников «Архитектурно- дизайнерское творчество»,"архитектура, изобразительные и прикладные виды искусств",искусство,3,9,11,"архитектура, дизайн, градостроительство",отборочный и заключительный,https://olimpiada.ru/activity/5204
297,81,Строгановская олимпиада на базе МГХПА имени С.Г. Строганова,"рисунок, живопись, скульптура, дизайн",искусство,1,6,11,"искусство, дизайн",отборочный и заключительный,https://olimpiada.ru/activity/204
298,82,Телевизионная гуманитарная олимпиада школьников «Умницы и умники»,гуманитарные и социальные науки,обществознание,1,10,11,"средства массовой информациии информационно-библиотечное дело, политические науки и регионоведение",информация уточняется,https://olimpiada.ru/activity/206
299,83,Турнир городов,математика,математика,1,8,11,математика,"базовый тур, сложный тур и устный тур",https://olimpiada.ru/activity/5
300,84,Турнир имени М.В. Ломоносова,астрономия и науки о земле,астрономия,3,6,11,астрономия,подготовительный и заключительный,https://olimpiada.ru/activity/4
301,84,Турнир имени М.В. Ломоносова,биология,биология,3,6,11,биология,подготовительный и заключительный,https://olimpiada.ru/activity/4
302,84,Турнир имени М.В. Ломоносова,история,история,2,6,11,история,подготовительный и заключительный,https://olimpiada.ru/activity/4
303,84,Турнир имени М.В. Ломоносова,лингвистика,лингвистика,2,6,11,"русский язык, иностранный язык, математика",подготовительный и заключительный,https://olimpiada.ru/activity/4
304,84,Турнир имени М.В. Ломоносова,литература,литература,2,6,11,литература,подготовительный и заключительный,https://olimpiada.ru/activity/4
305,84,Турнир имени М.В. Ломоносова,математика,математика,2,6,11,математика,подготовительный и заключительный,https://olimpiada.ru/activity/4
306,84,Турнир имени М.В. Ломоносова,физика,физика,2,6,11,физика,подготовительный и заключительный,https://olimpiada.ru/activity/4
307,85,Университетская олимпиада школьников «Бельчонок»,информатика,информатика,3,2,11,информатика,отборочный и заключительный,https://olimpiada.ru/activity/398
308,85,Университетская олимпиада школьников «Бельчонок»,"математика	
		",математика,3,2,11,математика,отборочный и заключительный,https://olimpiada.ru/activity/397
309,85,Университетская олимпиада школьников «Бельчонок»,химия,химия,2,8,11,химия,отборочный и заключительный,https://olimpiada.ru/activity/5159
310,86,Учитель школы будущего,иностранный язык,иностранный язык,2,2,11,"востоковедение  и африканистика, лингвистика, филология",отборочный и заключительный,https://olimpiada.ru/activity/404
311,87,Всероссийская олимпиада по агрогенетике для школьников старших классов «Иннагрика»,аграрная генетика,биология,1,9,11,"аграрная генетика, биология","отборочный, полуфинал, финал",https://olimpiada.ru/activity/5854